{
    "0": {
        "digit": 0,
        "TPs": 41,
        "FPs": 5,
        "FNs": 1,
        "precision": 0.8913043478260869,
        "recall": 0.9761904761904762
    },
    "1": {
        "digit": 1,
        "TPs": 64,
        "FPs": 0,
        "FNs": 3,
        "precision": 1.0,
        "recall": 0.9552238805970149
    },
    "2": {
        "digit": 2,
        "TPs": 49,
        "FPs": 2,
        "FNs": 6,
        "precision": 0.9607843137254902,
        "recall": 0.8909090909090909
    },
    "3": {
        "digit": 3,
        "TPs": 35,
        "FPs": 4,
        "FNs": 10,
        "precision": 0.8974358974358975,
        "recall": 0.7777777777777778
    },
    "4": {
        "digit": 4,
        "TPs": 49,
        "FPs": 8,
        "FNs": 6,
        "precision": 0.8596491228070176,
        "recall": 0.8909090909090909
    },
    "5": {
        "digit": 5,
        "TPs": 41,
        "FPs": 8,
        "FNs": 9,
        "precision": 0.8367346938775511,
        "recall": 0.82
    },
    "6": {
        "digit": 6,
        "TPs": 37,
        "FPs": 4,
        "FNs": 6,
        "precision": 0.9024390243902439,
        "recall": 0.8604651162790697
    },
    "7": {
        "digit": 7,
        "TPs": 44,
        "FPs": 14,
        "FNs": 5,
        "precision": 0.7586206896551724,
        "recall": 0.8979591836734694
    },
    "8": {
        "digit": 8,
        "TPs": 35,
        "FPs": 8,
        "FNs": 5,
        "precision": 0.813953488372093,
        "recall": 0.875
    },
    "9": {
        "digit": 9,
        "TPs": 44,
        "FPs": 8,
        "FNs": 10,
        "precision": 0.8461538461538461,
        "recall": 0.8148148148148148
    }
}